;x;y;z;u
0;1.0815452902253297;-1.1844056271823702;-0.7050427810183524;-0.07117494881869085
1;0.9934132532129908;-1.2660336291812644;-0.7555158011505424;-0.06446890497036774
2;0.9514423416051011;-1.0208851906781646;-0.976304115417359;-0.07618002293989244
3;-0.9172704543795247;0.5701475386524592;-1.453260119324737;0.06503533392333484
4;-0.8087194067476962;0.6424173392224001;-1.4129262895172674;0.05926887624052324
5;-1.0459919908672388;0.662386313530245;-1.364576864672791;0.08040638759024757
6;-0.49323960274400247;1.5938024848856767;1.1238965120313975;-0.026089078865822714
7;-0.4131794510309299;1.6329582548857944;0.931496254253856;-0.021288293755278916
8;-0.39195055066153495;1.6456428370903353;0.9174984270765079;-0.019876111884778423
9;0.6281149064608872;1.5905852204646092;0.5007678146421453;0.024048808958737147
10;0.32163064292743254;1.7109649203691486;0.36864728840239763;0.008372929378587052
11;0.48690713652427764;1.587648846242577;0.13117708925006855;0.005403018826003314
12;-1.1666000023315757;1.0246291915349868;-0.6195319139657647;0.07713426223165025
13;-1.183325499014562;1.0350283514462855;-0.5346916441585731;0.07012305982919691
14;-1.4765490664723733;0.9003892191914494;-0.3838233549629666;0.07068148083414491
15;1.3294365003013757;0.7404876635277122;1.002608429936612;0.118811272905184
16;1.300747026492694;0.653064905258417;1.1011479942877649;0.117774619853846
17;1.3229400216422185;0.9549210969852817;1.0091242891479393;0.10917613782670668
18;-0.5517842532725832;-1.3435718515888255;-0.5270620582519322;0.026998530815973885
19;0.04250338351786587;-1.35648268139372;-0.22940855017687534;-0.0009865163552131642
20;-0.7780163700211633;-1.3335077947796465;-0.5801943189944698;0.04113976838085831
21;-0.44003104199512644;0.7480328675915137;-1.202293636319583;0.037267656390076925
22;-0.48158579038857835;0.7864911246758113;-1.1671452838362162;0.040944177727109475
23;-0.5528440594593096;0.8898486552879182;-1.0319702275331126;0.046807075408183046
24;-1.0901352428910243;1.072506888609596;-0.5701923748244716;0.06649638094057855
25;-1.1164941066417986;1.0823329696730106;-0.48163731836206003;0.05958948894808021
26;-1.0250966360007827;1.0919276184565379;-0.5555314060826424;0.06075722822287012
27;-1.5273399972550368;-0.02271909564073979;-1.247173066590748;0.1413515620835861
28;-1.3107364633944372;-0.32796773072323643;-1.3601156843231152;0.10831521169585034
29;-1.4074104833593282;-0.032825483571867736;-1.3876659018363908;0.11541862602210852
30;0.3866450749527153;1.6463123734390646;0.7559181158793093;0.018324338369469163
31;0.3638100421980748;1.6461868077516268;0.7778134516356157;0.017473386934132494
32;0.19665385776002814;1.7933008556674153;0.627871001769103;0.0070452973657417275
33;0.7636243237091657;0.20765009193225772;1.5118670709355426;0.0525302420946794
34;1.0018730922768415;0.2937507288264598;1.4069024668124452;0.07904425955976443
35;0.9859774381055257;0.1714184055478885;1.40227272564473;0.0790988238151677
36;0.5027260194694094;-1.4786092911723605;0.7289928085747309;0.02740763200869294
37;0.6118798709457767;-1.4466067733756378;0.49597011810461233;0.02642227725395028
38;0.6198477204233273;-1.4653445221163794;0.6102412007763721;0.030702645057998676
39;1.21886864563424;0.04795867960472796;-0.7489340412858083;-0.11247943615007769
40;1.1593351971867234;0.03006027466475948;-0.9449662024116467;-0.11547999957526871
41;1.0631612707552496;-0.05955156562489278;-1.243524556501254;-0.09856300205703557
42;-0.2087061179127476;0.5321418565130649;1.5383185602583789;-0.013076673540532756
43;-0.20728449131400148;0.6171838714341027;1.521392162420524;-0.013105367859066136
44;0.04059947103885589;0.3689727018309157;1.568278219709898;0.0024788718638818676
45;0.4987674691437575;-1.1414226793574906;-1.2397734531609794;-0.03495551322740668
46;0.5177617805904545;-1.3323053551104662;-0.8656057437588311;-0.03390019044899392
47;0.6707853199071784;-1.1266262526365827;-1.1410430775413811;-0.04971675323783498
48;-0.6930429778212395;-0.35779568026273423;1.5543907633180125;-0.043521580138130546
49;-0.744284947951612;-0.5191028001046342;1.5435145842952869;-0.04633281777798609
50;-0.9749522561260096;-0.017616074577951196;1.5239513802594826;-0.06629360175593545
51;-1.1464048091482433;1.2367351417703412;0.8015333178838234;-0.07779603270191215
52;-1.6790293538926824;0.7242004963028039;0.7683089956954081;-0.1409402143409482
53;-1.197014642023788;1.109628707080183;0.9447455868572682;-0.09142283377457443
54;-1.5089387752712506;-0.9839281947591499;0.16546646055940845;-0.031601733199562256
55;-1.4096515630864794;-0.9955481504894533;0.5621197828041121;-0.08829209181144353
56;-1.449222231361888;-0.8749431789685413;0.6268001057465944;-0.10293775285986147
57;0.8944791487984608;0.5150599349245129;1.482957268273674;0.061549601248979104
58;0.8856383435764175;0.5380043339764694;1.490346309099877;0.05996906786745714
59;1.0879625146509957;0.6301586183621084;1.4028849259911853;0.08094023206470007
60;1.0384183692208508;-0.5534596843326365;1.1122348580940427;0.09611285838558797
61;1.0559332731900666;-0.5847780385015843;1.0851464969032003;0.09766537111476592
62;1.0858934765307828;-0.7979497621292112;1.0625788564077576;0.09476519004246631
63;-0.9803017953282678;-0.9093512515440766;1.3604301158617673;-0.06959304178417974
64;-1.0174842541296654;-0.7378452835221074;1.4433750502722251;-0.06981482725110104
65;-1.049006902271879;-0.6669936901010084;1.473660064107149;-0.07050156743394201
66;1.1058194144180111;-1.2483866467052658;-0.5257597829303552;-0.057540602334767495
67;1.1660926632930764;-1.259329465928065;-0.3128331850603375;-0.0386784309083709
68;1.139505205397326;-1.2182468721624073;-0.4741305277852673;-0.05569229522327679
69;-0.6220301926935663;-1.1103787927200317;-1.1795673806698663;0.045784948045762774
70;-0.927085455534721;-0.9884551931695227;-1.1893302206090146;0.07208634068330895
71;-0.9179010646246359;-0.8865438345762966;-1.2547777832974003;0.07175736247715105
72;-1.1794435513817516;-0.20220671647474142;1.4796222265949102;-0.08533225582865604
73;-1.4408498559072336;-0.08725217025613272;1.0967943879967328;-0.14220878106236318
74;-1.3377716943992333;-0.0648492768813966;1.2524457189153555;-0.12329398040233748
75;1.1583051062931478;1.260074125620165;0.10946789855558484;0.01392534313560566
76;1.3311960316656846;1.1963379180209004;0.3918693304909482;0.05615232356042348
77;1.1921420653826982;1.2593453229845997;0.25734530622055785;0.03296029317470988
78;1.2627890272562499;-0.3785461629606267;-0.7422487929551608;-0.11280181776502055
79;1.126900388907432;-0.2457800685818101;-0.9835774194428784;-0.11131194068330816
80;1.1531426891309753;-0.40387322590023167;-0.980377754258076;-0.11156832066978065
81;0.8807119456534703;-0.969695751203201;1.3650370397184644;0.06067246456520999
82;0.836452990500103;-1.05882050019661;1.2638689190696886;0.06023529342355359
83;0.9064500144900778;-0.9635346346123821;1.3421907703890954;0.06402422802345664
84;0.6804669008687819;1.4459093629796482;-0.2504752741567085;-0.01604199728726088
85;0.8044851883050356;1.3918001632799997;-0.16323468276994152;-0.013085794081928762
86;0.9966530288154615;1.3090136765988076;-0.07571125589474365;-0.008045800955189515
87;0.09409612351004179;-0.14771537219599418;1.6031878456003517;0.005469002035417379
88;0.06419900121206625;-0.7169304469923218;1.617672934208013;0.0032660080280940127
89;0.29600959573802704;-0.6945678796042289;1.6232162021570566;0.01496650530216738
90;0.24148324761459172;0.8978794386798221;-1.227194900947152;-0.01912057358795124
91;0.36512330282255195;1.0394300057780295;-1.0307347756823306;-0.02896459916586823
92;0.433836034502862;1.0442175706808898;-1.186143072532814;-0.03291712088957004
93;1.3203871296161132;-0.8367491755510851;-0.5898130288844466;-0.0913093822895282
94;1.3095272700383938;-0.8725631514914833;-0.5548864710381386;-0.08553772224521831
95;1.2746741272417985;-0.9876029249168018;-0.46319732419581133;-0.06897035336856439
96;-1.161145051053979;0.20497513450204125;-1.5027599425147393;0.08107158941384282
97;-1.0843768088318486;0.40206186065809624;-1.459953043340888;0.07876369399136239
98;-1.0585814794766262;0.3905411458550914;-1.4723993333458951;0.07568953939433488
99;-1.5828088644578733;-0.6079142401905628;-0.7222648656583525;0.13311746755073073
100;-1.5823911477249917;-0.48466016957253566;-0.7118641285996903;0.13575891155950642
101;-1.5965829019309734;-0.6141176450931126;-0.6029487432676404;0.12007069549842056
102;-0.06734880073246213;1.5219423084311312;1.2656859887512124;-0.0035498812396696122
103;-0.16215526390969523;1.791250474979791;1.1888853686909866;-0.006679599709069052
104;0.06300366229510768;1.3220077790247309;1.2928910032566543;0.0038071718522856685
105;0.8264476960757492;1.1051174992213924;-1.1875495410874568;-0.06077305257017861
106;0.8532840178589517;1.188583984621365;-0.9478820703609387;-0.06240937724520574
107;0.584943527551656;1.1795280613684902;-0.9061971813115215;-0.042684482368309955
108;-0.5342904548329819;-1.3676030247472646;-0.6354377606019771;0.0293220535840099
109;-0.38120711375086896;-1.415312558547855;-0.6667613825909522;0.020799678672288654
110;-0.2871919944244173;-1.459211787685101;-0.7227101201822519;0.015839360300854765
111;-0.9997594773648025;1.2961719014245516;0.1191009221614974;-0.012761661349551236
112;-0.8779984373011713;1.3564523554732089;0.023656805534973735;-0.0021471915289973634
113;-1.0025552832411644;1.2851204334948276;0.0694656696098802;-0.007547847645465992
114;-0.3505229210791439;-1.5674113999480663;1.2476420620336885;-0.017935811798015056
115;-0.4266090212902257;-1.3120783697311857;1.2878313993708317;-0.02605601840264979
116;-0.30582616771215576;-0.9124231940914334;1.4693116987281907;-0.019022069019101383
117;-0.21038452036425404;0.13028285334402273;-1.6193294145066803;0.011804025632068567
118;-0.2710174950872745;0.3041014690507742;-1.5692067979168636;0.016662645796265904
119;-0.37967216086543176;0.3824051845770602;-1.5323289100292916;0.024718426614397028
120;0.28789976122720956;-1.3260701180233836;1.2552981250598292;0.017825588548764443
121;0.06983788308179588;-1.6967558035524828;1.0894820277970685;0.003343629878675617
122;0.2262735483870727;-1.481724448852951;1.1626604755541354;0.013070772389086426
123;1.0829371627562772;-1.2594594368496654;0.20420466145991747;0.02399960205588624
124;1.14321471995059;-1.2564397901524738;0.08327100016288208;0.010500814240773584
125;1.1011615684594505;-1.2979233239867383;0.11148702533755162;0.013151616487879257
126;0.4115130361633693;-0.6371962077813986;1.6139873572458607;0.02159637935315497
127;0.8081111118448493;-0.17112606004834396;1.4575250515619091;0.06047335242644198
128;0.5850412266549054;-0.20974619193655641;1.5641012034893689;0.03667990719508719
129;-0.9044899543991654;-0.48468276944744426;1.5180569308531213;-0.05925929804042911
130;-0.9366706211622229;-0.6064169702625934;1.5034273433452296;-0.061150826649246454
131;-0.9961673875235961;-0.2879263359712984;1.5133152809862067;-0.06782583028742672
132;1.2140632463158492;-0.7314053206724216;0.3505486014164638;0.05693319968414028
133;1.1204167829043568;-0.978815364779189;1.0085788349770661;0.0915038515273512
134;1.2109162299340803;-0.5766740970053923;0.2932603728088953;0.05033412982699296
135;-1.4443509961030103;-0.42587735097651214;1.005247201264222;-0.1392901840660044
136;-1.430442838694903;-0.6411641056353068;0.9723364033952406;-0.13146870193204024
137;-1.3363057700840388;-0.38937485648680015;1.2205160820658982;-0.12195077033320337
138;0.2611359153425403;0.6254782422684823;-1.432039244349362;-0.018777762780365623
139;0.40444037288317713;0.6170008228598653;-1.5373428138369096;-0.02487833602269746
140;0.35004624273102136;0.7010782709660017;-1.4488776681573485;-0.024112967599794782
141;0.8866751296171069;1.409927236845291;0.1984846742976349;0.017206218682827165
142;0.8863375578014405;1.4295774010028557;0.3008453610917337;0.02513395316152123
143;1.0693169779070035;1.28478288960524;-3.9075734894075675e-05;-4.538544370631867e-06
144;0.09316904455995509;-0.6814258353834871;-1.5623361025135991;-0.005378745419586449
145;0.2495847638174693;-0.9609667552946424;-1.4397653253579845;-0.015835416903195666
146;0.27115855992931814;-0.9113376582149094;-1.4633210384896675;-0.017016617740109694
147;0.8821688740541807;-1.3668874208619166;0.5175927988395425;0.04186351039127229
148;0.9320372003341297;-1.2190963393122245;0.7892470125843956;0.06352483360175705
149;0.7371224028529173;-1.3390631854090556;0.8544656036757854;0.04784750686990089
150;-0.9671778955121741;1.4330636847597118;0.7471782928319993;-0.05541242021033683
151;-0.6654233703183945;1.4745681144493146;0.12939517915468524;-0.008067776571145612
152;-0.9232560384102861;1.4329675297631423;0.6101829457759076;-0.04694220332556511
153;-0.7110162033780397;-1.262967211605391;-0.8400309714998629;0.04829914185569327
154;-0.926494377012493;-1.0473135693241131;-1.0964859332070676;0.07246287226680188
155;-0.8665916496660555;-1.1573790127151056;-0.9298152036011139;0.06434457777609638
156;0.24637735360943896;-1.5016897920023646;0.2666192832704317;0.0058806427347883146
157;0.29405318911625744;-1.5187915342532299;0.42081070756610084;0.010437702936476294
158;0.20921468015345654;-1.541798728708133;0.389233613157957;0.006801343324183052
159;-1.4435956254082822;-0.6673472545088861;0.9252280913693314;-0.13094549510561698
160;-1.5998504490290277;-0.42418613993826043;0.1423844337552066;-0.03423132948394133
161;-1.4860375726480621;-0.06950557888380227;1.0057737017391117;-0.1484559646159989
162;-0.43381653554399124;-0.9549374116260736;1.412899920625582;-0.02853392888074724
163;-0.5809315676029218;-1.056918754535828;1.3480892222732221;-0.03907762023150111
164;-0.591322832073656;-0.8906323418911122;1.4424599961635418;-0.03848874819516423
165;-0.778414254454598;1.1778128575547562;-0.5983108634571553;0.04641350642343247
166;-1.1006560969141894;1.1799760059771174;-0.12849724097153284;0.016273769256887862
167;-0.9609257075578049;1.2025921592870543;-0.27764556882267744;0.02954528106873779
168;0.6021804634552639;-0.7039977659503347;-1.4401338236867485;-0.041925839821496044
169;0.8255373667033248;-0.8407544842125336;-1.251349275928719;-0.06581499013664402
170;0.7977813809699106;-0.6297769840699687;-1.358451383053809;-0.0622496321553865
171;-1.0664627592773541;0.8927495119600007;-1.1178385507596114;0.08876122845059674
172;-0.904800310292917;0.9142500532242286;-1.1103391282276824;0.07481964707896045
173;-1.050802466006266;0.891505061156648;-1.1227345807240288;0.08737217451770668
174;-0.28312343504693416;-1.0857398908781644;-1.2990585149240728;0.019595363911236587
175;-0.33594651144423454;-1.128781078968057;-1.2589665783062287;0.023413335087661896
176;-0.31139150763212076;-1.1388880241296706;-1.2635765806122705;0.02151539909550706
177;-0.1324006177801582;1.0039165249863222;-1.0581447507662343;0.010647686054806262
178;-0.21398206589681606;0.7381092693544364;-1.1750245290056185;0.018419256356281555
179;-0.11334903386329145;0.7825804775834369;-1.169851756286913;0.00963849252379126
180;-0.9852704236743375;-1.1927449137816497;-0.644210143383552;0.06115549345129849
181;-1.0064522829589393;-1.2445056295490207;-0.4599846987901881;0.047224436078897876
182;-1.2395600502191928;-1.0228203968316678;-0.6918171773081224;0.08782607363703665
183;0.9025462311956143;-1.3496631952795595;-0.5842817972731081;-0.047417905500363844
184;0.831655021256794;-1.3769599688482392;-0.48451137400616284;-0.03719787630250578
185;0.63532631109106;-1.4203189047470237;-0.43224979799270036;-0.02503758589559824
186;-0.22394526902939027;1.7000535906535683;0.5697643388519568;-0.008416773643844218
187;0.006761999416496953;1.7649270345298058;0.4907224104281588;0.00020994072874739835
188;-0.16120481054807967;1.6764971491881961;0.3165648360205127;-0.0038036743619908604
189;1.3512831874920126;0.6929796495331972;0.4359369485653511;0.07749332366376113
190;1.3290322616718033;0.4488670199435389;0.5020155517774516;0.09054926915645649
191;1.2472257698003286;0.2775284589056391;0.2976925757694414;0.05536713531057322
192;1.2673524631470254;0.4621888313763505;-0.7927427616281619;-0.11505031023176282
193;1.2022675457581695;0.1411389713395959;-0.8439476906367688;-0.11617446601234227
194;1.2014600269004931;0.15481786299061012;-0.8535925643235985;-0.11642974311735865
195;-0.39375717612875283;-0.43866747514037807;1.5895082168819337;-0.022773028500659712
196;-0.5574771913690821;-0.32737051552581264;1.5724345357137468;-0.033957956362752686
197;-0.6530672880929299;-0.5998919900331304;1.55384408576982;-0.0391564447250032
198;0.3713920982654383;0.6373446842564909;1.5223306723362953;0.023320685408656668
199;0.7787244432966361;0.6683761495023655;1.5594823360827224;0.045369173957229746
200;0.4407674727576487;0.6681527532675849;1.52526986667172;0.02730875868610153
201;0.5599638018917782;0.23017878826112143;1.5943935198884647;0.032963745894331445
202;0.41013136372567705;-0.2823670125705947;1.610373997936526;0.023193179230838263
203;0.28593608305078533;-0.3990028576235914;1.6135749170330527;0.015799981621151538
204;-0.5129070717210831;0.492792711999229;-1.5036758407852144;0.03434329280644385
205;-0.5136948232390756;0.44852451332181875;-1.512316780651177;0.034209280679208885
206;-0.8361863468476842;0.525158710518368;-1.4892444231433046;0.05687458944483892
207;1.256576459606465;1.0797060316368632;0.14046225188104372;0.021411214524454558
208;1.2547601280806997;1.1739526184769455;0.1477165112766161;0.021354069997959253
209;1.2782009898385918;0.8536445756781734;0.17268201736285543;0.029438166686245004
210;-1.5335138101511607;0.8583202078617093;0.2830631135562025;-0.056598854673379585
211;-1.5354716860083208;0.8695341602801329;0.012421097120853958;-0.002559589716902571
212;-1.3656243232460938;0.9973705364996497;-0.04051138991477059;0.007034175002713979
213;1.271103285345909;-0.9036999910842188;0.06864169156569004;0.01153229274897906
214;1.2407556402111595;-0.6156255105399223;0.09919420180925874;0.017831990733012233
215;1.2732201112275412;-0.6576226400048786;-0.13728477847726628;-0.024951407813926896
216;1.18659601885203;1.1745912017216618;-0.3682743578189482;-0.047996821695861225
217;1.2018781393976026;1.1510911836201068;-0.35502706175169446;-0.04768211668977715
218;1.1803092005249152;1.141757821815442;-0.5941706245945998;-0.07147173481799433
219;-1.1688501282070403;-1.1740925414264525;0.910339801033893;-0.08564020055056308
220;-1.201780467011366;-1.1872069637977956;0.8409888825582428;-0.08552546528438228
221;-0.8818610712150284;-1.2613917074101457;1.035478051073075;-0.06181296101160054
222;1.0916162076119138;0.8479259915098339;-1.1758561158325551;-0.09046749749017577
223;1.054957592338467;0.9812564136263091;-1.1207105931028807;-0.08452956901764384
224;1.199522721873305;0.9070765671075138;-0.9579147901169921;-0.10077167329020502
225;1.1077290807578313;-1.0115477447754242;0.9623393360167432;0.08898645343680342
226;1.1095056602650182;-1.183965706599682;0.311449088306637;0.03836617700184487
227;1.0618101294443623;-1.1294888120266204;0.7517878040819292;0.07450094101169943
228;-1.6259854034294277;0.45623977906843644;0.8646868624887198;-0.1524535496779242
229;-1.385071403220304;0.5568628500541664;1.3056381313447827;-0.11540577847467995
230;-1.5117665031407443;0.22861864742713994;1.029746798756536;-0.14945633671278657
231;-0.20184770715180111;-1.3629176621503964;-0.9851916518200534;0.013221522966460179
232;-0.28057939524380754;-1.3749000345562334;-0.9086025811636024;0.01803602993965839
233;-0.17581693477818947;-1.369056347442962;-0.9905952712327974;0.01146699254162511
234;1.3483224991741523;0.9328952030633232;0.9094645939835755;0.11119123618722934
235;1.3591641163343686;1.0833541196535683;0.7376026165818583;0.09677988311457372
236;1.402789100061455;0.8497753033967013;0.6961826723695953;0.10726197899838692
237;0.9242383949084683;-0.3614846234613196;1.4202635157880228;0.07113071465595908
238;0.896759977374894;-0.6029276064911693;1.403427402947842;0.06714085356146667
239;0.9177573246021826;-0.5073718458664186;1.3730622020453014;0.07261095910231412
240;-0.953727130376449;1.3786572540335444;0.9035720012377608;-0.061065541606554904
241;-1.0593713221031447;1.1150575030819718;1.2056244074138964;-0.07679574309901503
242;-1.074002880251399;1.1095784122926715;1.1865442343358474;-0.07883010576974357
243;-0.9915351071901911;0.11289055908268344;1.5079055293236583;-0.06906198241795423
244;-0.7556246770624424;0.0845008172737641;1.5449199051900966;-0.04946103511317047
245;-0.8157710037801758;0.05644023010629061;1.5397863490512382;-0.053934502002769384
246;0.784805722277423;-1.4187568784605378;-0.2636646499264479;-0.019843251049480672
247;0.8748298029534436;-1.3773271996956622;-0.43340306492332414;-0.03569882257361083
248;0.7883798403104979;-1.4098209191112003;-0.3164484873769865;-0.023784427201195734
249;0.98309445939549;0.7681388976685576;1.4081109120061823;0.0697913884990626
250;1.0138279839052544;0.8159499927621446;1.3638023630650338;0.07431102388970301
251;1.2823593938701432;0.9590390994407997;1.112768836955776;0.10399718303582171
252;-0.5470734984657366;-1.6148230469707743;0.9326328735739134;-0.0287206350289293
253;-0.42145452981557147;-1.6312132823304644;1.1747678498814198;-0.021061149738566418
254;-0.5538443910687942;-1.5482561723432258;1.0094786158446898;-0.031177386822194057
255;-0.2808152041153972;1.5301972376141657;-0.28136918655917165;0.006874347170919702
256;-0.4197987691189082;1.5057136446523216;-0.16100581430350625;0.006143665665687991
257;-0.4413217740345856;1.5790417535752894;0.29307709633102424;-0.010722933061930711
258;-1.4571135398484136;-1.03717978458317;0.22837344427391715;-0.04067311155026839
259;-1.3427100760210338;-1.155352108947854;0.5212845247519405;-0.0733408517309445
260;-1.2633465997458786;-1.226314344041231;0.6524000556895971;-0.07747121730940412
261;-1.5768520660027372;0.7955048275598333;-0.587712594131089;0.11037276607447052
262;-1.407160311256176;0.8629734707689105;-0.7236367495166524;0.10935226917586087
263;-1.5511905509008457;0.801726320188333;-0.6303679010487517;0.11358812252184271
264;-0.6260682414897529;0.7964854673366606;-1.3008002167703703;0.04891093170424559
265;-0.6145539160135122;0.804523211957801;-1.266670670462951;0.04912066204249759
266;-0.5136031535855637;0.7411929876097137;-1.3060146734679356;0.040690256367939444
267;0.8670166882675628;-1.42537781865517;0.25180987390341725;0.020881218381802853
268;0.5812083849143532;-1.4192500761684714;0.19673504641337602;0.01110193395994369
269;0.7712624253396321;-1.4253107080289036;0.20398369563162216;0.015184600638247631
270;0.5948673957586812;0.5391619444492145;-1.5925111483952203;-0.03350984416554589
271;0.611761156613705;0.3275615885451017;-1.5907648958171265;-0.035898599346613554
272;0.540418028655517;0.36060818806732714;-1.627696252813437;-0.029070927359245064
273;-1.165316744411693;-0.41004433981949406;-1.4829114819124163;0.08179053228448094
274;-1.2475919908282678;0.07201430575422867;-1.4813762435475741;0.09066780423092873
275;-1.1422520459645555;-0.23284531422621815;-1.5066110103566102;0.07907247084712651
276;-1.3578976233350248;-1.072949487922627;0.002540337085214922;-0.00042331042941590055
277;-1.078973259005294;-1.2877025755904798;0.2544196555980335;-0.028973959673887877
278;-1.0811618634579514;-1.2794233027866269;0.1084917336276139;-0.012723566394137539
279;0.08975187439386803;1.6613347070148996;0.968419968536934;0.004508056007169935
280;-0.14724887582904506;1.6813794147074936;0.8546944928531055;-0.007056366047223884
281;0.05349898687691259;1.727891340310348;0.8028197456395504;0.0023760714407264753
282;0.5335535362039655;0.9771693461648345;1.4005185686963593;0.03526099183873361
283;0.561024385510071;1.0828894002091467;1.3216162147325545;0.03816194838252802
284;0.5407991160167619;0.9439078980502873;1.4234705483587344;0.035283717818164036
285;-1.4824892483697467;0.9286429045111408;0.7077167948210938;-0.11090887460149931
286;-1.3710314584611927;1.0391568056251663;0.7204582334514994;-0.09857148106383604
287;-1.1964656636620121;1.1833296320193543;0.4636902628927067;-0.05862481208830375
288;0.34180517787612563;1.448728643337015;1.164339869658099;0.020276178581416875
289;0.28341919397690146;1.299535669140961;1.2487780722401278;0.017944326196353427
290;0.3103162462811486;1.1139875860304402;1.3319431062638818;0.020581424589122044
291;-1.6330518914531118;-0.7912797838756487;-0.29815826886568225;0.06479296844635135
292;-1.6111069099008963;-0.6758803296334253;-0.48160305855437974;0.10076074454572093
293;-1.6329444525074819;-0.7760694573478969;-0.29776894185094777;0.06504299879523681
294;0.993442528282237;0.328715015075655;-1.4078995790276514;-0.07794782344167694
295;0.8937828360612208;0.6066344727394777;-1.480252376431483;-0.06045559315486651
296;0.8941558880349718;0.358578943791061;-1.4481069003282612;-0.06644178562476304
297;-1.1631892664869412;-0.5261174273448271;-1.4177597320767361;0.08717051828014986
298;-1.300416671637731;-0.6164133332518598;-1.1777004749081637;0.11574913825876014
299;-1.308283210968166;-0.5172342190687467;-1.2531578862755322;0.1143058833073207
300;-0.7854859137546184;-0.5953516697933662;-1.4680232380988023;0.05423197190021066
301;-0.825492313922672;-0.6376318288880116;-1.4328263912041732;0.059110815438749964
302;-1.0970784522947241;-0.7012570086250823;-1.3385227309533128;0.08552815443668162
303;-0.9041345147871818;-1.3637294271930551;0.5892440213968003;-0.04730246343225464
304;-1.1258090817292554;-1.2768718263090097;0.6455705452494237;-0.06643415877067688
305;-0.9841816727237223;-1.3119370412154951;0.7012667315264304;-0.05960789858544021
306;1.3355782666161145;0.5583325020127815;0.8636418260740562;0.12255732260799376
307;1.258765724950203;0.45353463794282406;1.0379274839708086;0.12058586812493353
308;1.2670096956551795;0.4523254443828004;1.0031890138304655;0.12161683668628094
309;-0.7513860936487795;1.2956721765956174;1.3033683304485835;-0.04583772415760939
310;-1.1563488589723399;0.9420889589718351;1.3453654574243008;-0.08218326173941432
311;-0.7776216987359519;1.0506531085719748;1.3774833223627327;-0.05093918420268026
312;-0.24197098749095064;1.40599582769728;-0.5975334999801847;0.012386155543259052
313;-0.6532365707600382;1.1668495335377576;-0.7510128359002205;0.044874529902131435
314;-0.23884461063586726;1.4778388615262006;-0.47413096297746565;0.009696995284845092
315;0.3294163736430913;-1.1282135180467403;-1.3343578131284222;-0.021635482566173356
316;0.5475071970333398;-0.9937099020583782;-1.321438651244969;-0.03887804898753158
317;0.504499380259483;-0.9081720926417709;-1.3857834749138322;-0.034897052969758174
318;-0.5383064757978622;-1.557971312218569;0.6426567183466717;-0.02542543368238599
319;-0.3802955031729196;-1.5491175124025207;0.388699698901665;-0.012265435584597627
320;-0.46675892351709414;-1.629047438800082;0.8845456045061338;-0.0238884981630862
321;-0.28179144150964436;0.034690112848313734;-1.6245354047600382;0.015668864017120362
322;-0.4098219775346284;0.027906561865563267;-1.6034329851510847;0.023905913745302144
323;-0.19014914453578396;-0.19045385003028323;-1.6183741881803995;0.010651374032861266
324;-1.4349790075147688;-0.7267804852380307;-0.9740603219766573;0.12868746655926497
325;-1.4956169380586015;-0.5569448637607819;-1.0038045140077547;0.1404948041051038
326;-1.5029857869668675;-0.6703359163048985;-0.9444067756621942;0.13664062648358408
327;0.335829507730243;0.9101660591556044;-1.3129387402213566;-0.024895838126017634
328;0.4236291592698761;0.9563061284923408;-1.347237246887083;-0.029872690249449486
329;0.3308319589723899;0.8767117046349233;-1.3296498990749284;-0.024493924484368625
330;0.701869790783306;1.080598266999677;-1.2310430548663318;-0.05106351444659634
331;0.8612260353666591;1.0748603187675048;-1.2864799305653267;-0.06052568484375261
332;0.6849900869477883;1.0665300751496718;-1.2692289052398569;-0.0489562049388998
333;1.3634564813151189;0.9334965097501635;0.46029942315974853;0.07513694488667809
334;1.365195445978054;0.7712986058464651;0.47873807776083016;0.08251824899846044
335;1.37600049188204;0.7263899925811522;0.5223263317323797;0.09034745654233542
336;0.8893330697324959;1.3093034516385138;-0.6386116773290715;-0.051010210172038085
337;0.9491129191697882;1.3373173760008688;-0.5848045009121278;-0.0503330499749838
338;0.7877595045678263;1.2554498518352621;-0.7439164624805694;-0.05108100512954154
339;-0.10693379566564487;-1.7597902083570958;1.1355669375704005;-0.004687660156107536
340;-0.11145352743949738;-1.7338343253024653;1.1532549046426597;-0.005011678401226823
341;-0.18468155340355835;-1.629753029025348;1.2348465521128786;-0.008956514945010492
342;-1.6177103034651594;-0.7275210150259754;-0.010483045901317996;0.002390234361850388
343;-1.6096365139003777;-0.8256748318088316;0.02806535438469453;-0.006160387681413508
344;-1.4868946658227098;-0.7123743896398957;0.6654901051461035;-0.11595968146086626
345;0.6687198191980502;1.4939226061669701;0.8125851659191987;0.03781279398991457
346;0.6191077567497985;1.3981587619981393;1.0702175852274518;0.03927843389952721
347;0.39536608636337534;1.4870722026790717;1.0887883430705212;0.023269912873262508
348;-1.0422284962619912;0.7552452918715524;1.4201588997747607;-0.0732385495260527
349;-1.1127547488109353;0.504288087913088;1.4428441155693679;-0.08116924738856801
350;-1.6731646499960835;0.24622045524355798;-0.07150087707168798;0.018528425813161425
351;-1.6870215491870304;0.35686308823110596;0.0439617492219951;-0.011349067742271145
352;-0.5493098205410261;0.6581323681083011;-1.4248451799598103;0.03950982280680207
353;-0.6917862504906249;0.7317885810598885;-1.3576656607754813;0.05246465779258134
354;-0.33452355482029794;0.6591500067644476;-1.3039968399550896;0.027198507786578306
355;-0.33724926359909857;0.6411308645904181;-1.360253863157481;0.026188949641027325
356;1.2677496916172355;0.374573312209978;-0.23203011017877137;-0.04394393972856724
357;1.2438498316814248;0.35515881551985184;0.03705197722067023;0.0070558564159252934
358;-0.09376125313587616;1.6761652367883375;0.989310816829953;-0.004638864269064507
359;-0.14830343781886496;1.707785780743932;0.9653035187714465;-0.007070397694042325
360;0.8646208927722412;-1.3350850796048495;-0.7188378851327338;-0.05223923205101616
361;0.6995524271360205;-1.211426959508085;-0.983951690877851;-0.05063394991992733
362;1.0769326067318141;0.202894673263599;1.3590856456896747;0.0902726634428493
363;1.099142628286325;0.19967247916613773;1.296410098487055;0.0974422335251323
364;-1.5591187170980194;-0.02871142171672761;-1.1134786872784637;0.15341650293825254
365;-1.6375824660298373;0.07813357959444703;-0.33986591269173694;0.0832296450127542
366;-0.7082962533959748;-1.4195387335610785;0.0970833913135968;-0.006756119996860235
367;-0.9198389819121904;-1.359877885881716;0.061346926058873236;-0.005811414867766258
368;-0.1622834250059359;-1.7397792684808222;0.985287078634694;-0.007458225582782914
369;-0.2828500315455712;-1.7207329112829461;1.0701756715541035;-0.013221630974562672
370;0.14090127396930074;-1.4297728220802686;-0.521978887208921;-0.006416607454294654
371;0.05215555146583181;-1.4702160964436877;-0.7246936477865994;-0.0028546112735903057
372;0.01441952609949678;0.912773663631202;-1.12068787752275;-0.0011895402247441773
373;0.008498259975225464;1.0264367077819085;-1.044017225045044;-0.0006775092217908208
374;-0.0738549563579749;0.4437593314742982;-1.5074373344414562;0.004961653324612739
375;0.026878987397369727;0.4668258225633426;-1.4800907822546954;-0.0018754579830112424
376;-0.8553127551624116;-1.2332230199111722;-0.7498956854594109;0.056458054762202205
377;-1.1690467277353558;-0.9443239514580697;-1.022084570591521;0.09686499989205886
378;-0.41810024485039593;-1.383421247429801;-0.12744823422437607;0.005366222461168325
379;-0.3667512723440631;-1.4266608200696487;-0.05828147742397106;0.002093618541173682
380;1.2629223358188306;0.9991421198512953;-0.34828135087660345;-0.053170447233559015
381;1.247160421626288;0.9543727519925497;-0.0931648117547293;-0.01501334135689005
382;0.2632118875886978;0.2366840897374765;-1.5894643143483167;-0.015646850259934956
383;0.3239921893488234;0.1488268496906624;-1.6397909552753458;-0.01729346379554404
384;-0.03434033065557625;-1.0965458197140967;-1.3561405071161727;0.0022466398922724707
385;-0.04734894667786831;-1.1113957337420686;-1.3477695551783846;0.0030988006402894474
386;-0.6286191795395295;1.357567920254351;-0.34799781504632954;0.021492582131590488
387;-0.7024072213695711;1.27038284712444;-0.4719895798183821;0.033109317807817416
388;-1.3622286801059769;-0.9478311068115789;0.8364398955241397;-0.10907006137102027
389;-1.32685292489025;-0.9402145508825733;0.9051353811332297;-0.10897669462589704
390;-1.6032839473785385;-0.10016978325254128;0.14123581407342684;-0.03520837653741175
391;-1.6275431808329028;-0.2914763880199869;-0.02347539286219063;0.0058998720368152015
392;0.724499194018196;-0.5886043584514633;1.526668054754571;0.045723852836567234
393;0.8364178624013889;-0.3217390265461201;1.458384227722471;0.06160032280031626
394;-0.4978409298339637;1.4510123978570313;1.2824189188727593;-0.0275368365143454
395;-0.5718597670469695;1.0561655767010178;1.4111244411879795;-0.03597769374202529
396;-0.6363812310813944;-1.1782751800883196;1.2749350020683365;-0.042667025168457884
397;-0.9824205998419457;-1.0732748827461942;1.2712991755771939;-0.06987433154456738
398;1.2998512824966177;0.3149868752211561;0.602440687396257;0.10339381400226097
399;1.194722578455653;-0.03792928752815507;0.4736240988660049;0.08088508562636758
400;0.8361725709234283;-1.4326645240448068;0.037880123423921386;0.003090266805388752
401;0.886436917419927;-1.4287838437470315;0.13224993037574517;0.011397029122104746
402;-0.25065961011973104;1.207544966761878;-0.923233308400646;0.018058657048714868
403;-0.35014861506132783;1.0816462098211277;-0.9523191036955372;0.027158648963174686
404;-0.13026121585740813;-0.10942150034901427;1.5955695491784363;-0.007711454245932336
405;-0.14845157315478136;-0.33622592815730895;1.6015506430439719;-0.008503145305515023
406;0.08748714291902723;-1.2217884957895109;-1.282795447522169;-0.005684020610871468
407;-0.1314400350126767;-1.3261167064672097;-1.0933567808352609;0.008744383003262475
408;-0.7107084448096888;1.5245844987483412;0.846156349364729;-0.03969338902164366
409;-0.5306601060343238;1.5860443720456403;0.9224866986088234;-0.028612560926202152
410;-0.5211991095481865;0.49961919326819554;1.5206452920049982;-0.033898290233667513
411;-0.20456891064757834;0.4779653186520927;1.5456370393632393;-0.012792603144649979
412;0.18525463703187955;-1.4295639148721804;-0.8034065661848215;-0.010995453806994172
413;-0.0002920898525095861;-1.4507293171168634;-0.8246025816341478;1.7217035638205486e-05
414;-1.571479645237411;0.13780226787087105;0.6841310290078373;-0.13768047677229486
415;-1.6753890257810713;0.3616659191571098;0.29177961700072313;-0.07222152891233256
416;-1.4769897146884126;0.638158476846091;-1.1128243273218443;0.1338541541100025
417;-1.5674047965099347;0.3086861749108306;-1.2635437702725236;0.14080991581249738
418;1.2623894138922322;0.7727788903610432;-0.9388174264865827;-0.11113275888258407
419;1.1670040030062048;0.46356007242132546;-1.122411550381774;-0.10972503619468876
420;1.1539166584241412;-0.24487416865211986;0.4600878381247881;0.07542023473197025
421;1.100922979249111;-0.2572542291103729;0.7743647560833521;0.10190371552039404
422;-0.7785892554731229;-0.4524648005590744;-1.509105198287084;0.05208351976373641
423;-1.0619090362871555;-0.48175925247508994;-1.4867564236727964;0.07314988503749248
424;-1.2672965436112331;0.08193633367811441;1.3820753137514616;-0.10444430049691102
425;-1.2782367966424433;-0.00832485282595281;1.3471893376830077;-0.10927990740767082
426;1.318484844033725;0.8039809660858722;-0.7595140544712672;-0.1072455925152588
427;1.282024200865529;0.3702772930122817;-0.512745961336311;-0.08995875880784916
428;0.6463959178975279;0.9281388119923379;-1.406072781717488;-0.04334693087059956
429;0.5079508366329457;0.872697381012392;-1.4520237595065497;-0.03287262885011941
430;1.158743169392453;-0.6974604305863986;-0.9540248210251703;-0.1046513147922647
431;0.804505856965829;-1.000153232496824;-1.1702187297062288;-0.06276878155594375
432;-1.2594426166462807;0.6580417319240593;-1.3003420182876795;0.10273316909441568
433;-1.0964904088812313;0.5326828383875044;-1.4064471675940027;0.08316482622062832
434;-1.0027100609612585;0.031903962337088226;-1.5517714949551609;0.06489534295897025
435;-0.9864123815741869;0.06827448910377998;-1.55720788629859;0.06315087256022794
436;0.22800251197360066;-0.39627090525858866;-1.6423049538521681;-0.011772623233522253
437;0.020568593760645622;-0.3142959439603925;-1.6337622972031656;-0.001097333249388931
438;-0.8154971588910426;1.0910577958331777;-0.8121983346007077;0.06039932143004028
439;-0.752874273123649;1.1048091390423076;-0.7966812347802511;0.05493862180943802
440;0.4559902924318902;1.4980845052806606;-0.21378883312474933;-0.008847160562738758
441;0.47552843465542294;1.311645400640603;-0.6047905528166162;-0.026271462254080273
442;0.11436736184527967;1.7122327650374691;0.23397239701387149;0.0019519229831307817
443;0.4199745543053516;1.5384890324299934;-0.11881254871355074;-0.004426577323804306
444;0.7066253319515567;-0.2694513101427544;-1.4960808342675382;-0.04955384492284137
445;0.4520879128266146;-0.3528415931335751;-1.6257382299296048;-0.02445940509497187
446;0.43513886549016906;-1.3971930291827976;0.03736448433725148;0.0016304594368897248
447;0.6461796900694521;-1.4432183473246483;-0.12911645493317536;-0.008021270422707952
448;0.8317856393110498;0.8875997896822203;1.4135424207724225;0.056201159217286425
449;0.8312987809896144;0.7892843238100872;1.4862885729884692;0.05280172389398944
450;0.9390845252891309;1.303290902862255;0.9221484528599646;0.06366405232331064
451;1.162310489973414;1.101504198099512;1.0762651857274528;0.08884613327922315
452;-1.6238706292687428;-0.3321522909184049;-0.37007001031641273;0.08723430433051756
453;-1.5960647544187052;-0.30680740953345775;-0.6187914674287697;0.12939483283611106
454;-1.2905266810425113;-0.7033030663005879;1.211848726222062;-0.11025638666577402
455;-1.1511647396716091;-0.9614592235202304;1.1778814591226565;-0.09106784537627606
456;-0.5830729045850416;-0.6142340664571871;-1.4954734318154463;0.03846755081162196
457;-0.5170409589059602;-1.0249510936769557;-1.2541222883491625;0.03809724183013331
458;0.6066302496259701;-1.4348988825246365;-0.2501447279553431;-0.014409781794693117
459;0.28247994531367904;-1.3695255580600534;-0.19223765374167834;-0.005477887281880909
460;0.2853460541409429;-0.18242875819328572;-1.6568388720040101;-0.014550956524464415
461;0.26213672340173677;0.07975223533649321;-1.6683994867212844;-0.01302861957671679
462;1.2169247527542646;1.1115321705426868;0.98580763788667;0.09317798614434207
463;0.9524276190523218;1.4209441447257576;0.6343564327228173;0.050153618578669804
464;1.3089357927738918;-0.5531725214252878;-0.5046735943645959;-0.0876577415160794
465;1.2688384865378357;0.04643864096547752;-0.5728467823093962;-0.09933547921210163
466;-1.6048831078941284;-0.8288176342201692;-0.44400138331452543;0.08941083961466673
467;-1.380266861056588;-0.9932771413645758;-0.46808739553750356;0.07513331314178133
468;0.8060100190880464;0.9081319750478647;-1.3984831877646888;-0.0549721756283626
469;0.7974790962608604;0.6519571071277859;-1.5188367380556642;-0.05017197739379165
470;-0.29141697406496125;-0.3341962090767929;-1.5882394369802773;0.017175897104916182
471;-0.5820528573481734;-0.4205886669533368;-1.5269057656455622;0.03801453141049613
472;-0.7418392192381744;0.26905616123926446;-1.5404845960139046;0.04831758172735139
473;-0.6039740625321774;0.10426906861078776;-1.5763270344007771;0.037212710574597366
474;-0.49460571462975517;0.9265205977317827;1.4595488991502457;-0.031009098087505974
475;-0.19507623800393065;1.2008841471932765;1.3770797518761606;-0.011791838490857064
476;-0.020690756026461813;-0.7626730244882929;1.5959721514481613;-0.0010885626197565345
477;0.010024322263254962;-0.8819815151365491;1.5604621361333784;0.0005428684550972143
478;1.0451707963216441;1.1914158108706845;-0.8915930905667845;-0.0754669203952741
479;1.1129495560762217;1.0233517054280226;-0.9745041184391094;-0.08899860548225821
480;0.48537805506855486;-1.4224021357439354;1.0585531730249618;0.03028116298342883
481;0.5292888581243383;-1.017329050540786;1.4693025646066753;0.03145015990379545
482;0.26173370484984376;0.5661440555201919;1.5322288311137315;0.016448608317169
483;0.3955443536599649;0.5500594739427215;1.5375471455774825;0.024718428971077518
484;0.3953122128382322;1.212200858267911;-0.835861285009049;-0.02766309074711345
485;0.4156337078208084;1.2307329445607824;-0.7975004564196719;-0.028251317455384548
486;0.10849034114561475;-1.694259217677003;0.9968169281604998;0.005260754352061268
487;0.16910933408959564;-1.645816566413999;0.8174090324169839;0.008293385036223861
488;-0.5633435072142274;-1.2093649282520107;-1.0462558172513923;0.04073059935938044
489;-0.48932385695791236;-1.3969925820027875;-0.7282729773073271;0.028457161672259063
490;-1.63453017317897;0.33177603999500693;-0.7858403721224523;0.15095095088490626
491;-1.6274446675355516;0.2550144866029862;-0.7133667354600284;0.14464870581332745
492;0.1900690712615338;-1.4505501130974614;0.027753386757561685;0.0005074704629748927
493;0.31102704573821005;-1.4040690202982147;0.01951429618349783;0.0006057391587068082
494;0.4490593633839781;0.5962012372746832;-1.5687915105234504;-0.026191893876929467
495;0.4590770418300351;0.5442208843779317;-1.5831506622086018;-0.02633868714770689
496;0.7378065001154135;0.08411806088727711;-1.5246424314766598;-0.05004280212598264
497;0.6304676110360218;-0.015339143610785744;-1.5700607256342862;-0.03941299683690506
498;-0.1261955791277855;0.5859035893674329;-1.442981897617521;0.00903681080911304
499;0.0006206961569967182;0.7498921579086447;-1.2486823031791983;-5.114009388448105e-05
